{
  "model_type": "market_calibrated_v1",
  "bias": -0.06451577846237651,
  "market_weight": 0.9568115748610754
}