{
  "xgboost": {
    "trained": true,
    "direction_accuracy": 0.5403283369022127,
    "auc": 0.5075580735729499,
    "sharpe_simulated": 0.9830669789788985,
    "profit_factor": 1.0981313720944048,
    "metrics": {
      "accuracy": 0.5403283369022127,
      "auc": 0.5075580735729499,
      "precision": 0.48877805486284287,
      "recall": 0.1532447224394058,
      "f1": 0.23333333333333334,
      "sharpe_simulated": 0.9830669789788985,
      "threshold": 0.5837185929648241,
      "n_trades_per_week": 3.01,
      "test_size": 2802.0,
      "feature_count": 29.0,
      "positive_rate_test": 0.4564596716630978,
      "top_features_classifier": {
        "funding_dispersion": 0.08132277429103851,
        "day_of_week": 0.0795784667134285,
        "taker_buy_ratio": 0.0743274912238121,
        "hour_of_day": 0.06345610320568085,
        "price_return_72h": 0.05675206333398819,
        "taker_imbalance_3": 0.056221749633550644,
        "price_return_24h": 0.05564068630337715,
        "is_weekend": 0.055331360548734665,
        "consecutive_extreme_positive": 0.054970633238554,
        "price_return_8h": 0.05118165537714958
      },
      "top_features_regressor": {
        "funding_zscore_30": 0.0,
        "funding_percentile_30": 0.0,
        "consecutive_extreme_positive": 0.0,
        "consecutive_extreme_negative": 0.0,
        "funding_rate_abs": 0.0,
        "rate_lag_1": 0.0,
        "rate_lag_2": 0.0,
        "rate_lag_3": 0.0,
        "ls_ratio": 0.0,
        "ls_ratio_momentum_3": 0.0
      }
    },
    "error": null
  },
  "tft": {
    "trained": false,
    "direction_accuracy": 0.0,
    "auc": 0.0,
    "sharpe_simulated": -999.0,
    "profit_factor": 0.0,
    "metrics": {},
    "error": "torch / pytorch_lightning / pytorch_forecasting not installed \u2014 skipping TFT training."
  },
  "fallback": {
    "trained": false,
    "direction_accuracy": 0.0,
    "auc": 0.0,
    "sharpe_simulated": -999.0,
    "profit_factor": 0.0,
    "metrics": {},
    "error": "Length of values (533332) does not match length of index (84770)"
  },
  "selected": "xgboost"
}