{
  "xgboost": {
    "trained": true,
    "direction_accuracy": 0.5256937307297019,
    "auc": 0.48374368942559004,
    "sharpe_simulated": -0.2440513467078077,
    "profit_factor": 0.976719711657164,
    "metrics": {
      "accuracy": 0.5256937307297019,
      "auc": 0.48374368942559004,
      "precision": 0.4578096947935368,
      "recall": 0.14174541411895497,
      "f1": 0.2164685908319185,
      "sharpe_simulated": -0.2440513467078077,
      "threshold": 0.5393969849246231,
      "n_trades_per_week": 3.01,
      "test_size": 3892.0,
      "feature_count": 29.0,
      "positive_rate_test": 0.46223021582733814,
      "top_features_classifier": {
        "taker_buy_ratio": 0.09300510585308075,
        "day_of_week": 0.08583574742078781,
        "price_return_24h": 0.06980957835912704,
        "hour_of_day": 0.06767389923334122,
        "consecutive_extreme_negative": 0.06662246584892273,
        "funding_dispersion": 0.06331948935985565,
        "funding_rate_abs": 0.06262200325727463,
        "price_return_8h": 0.06250294297933578,
        "rate_lag_3": 0.054785795509815216,
        "price_return_72h": 0.05445200949907303
      },
      "top_features_regressor": {
        "funding_zscore_30": 0.3509472608566284,
        "price_return_24h": 0.15143278241157532,
        "taker_buy_ratio": 0.1263679563999176,
        "price_return_72h": 0.12486131489276886,
        "price_return_8h": 0.12478362023830414,
        "price_volatility_24h": 0.12160710245370865,
        "funding_percentile_30": 0.0,
        "consecutive_extreme_positive": 0.0,
        "consecutive_extreme_negative": 0.0,
        "funding_rate_abs": 0.0
      }
    },
    "error": null
  },
  "tft": {
    "trained": false,
    "direction_accuracy": 0.0,
    "auc": 0.0,
    "sharpe_simulated": -999.0,
    "profit_factor": 0.0,
    "metrics": {},
    "error": "torch / pytorch_lightning / pytorch_forecasting not installed \u2014 skipping TFT training."
  },
  "fallback": {
    "trained": false,
    "direction_accuracy": 0.0,
    "auc": 0.0,
    "sharpe_simulated": -999.0,
    "profit_factor": 0.0,
    "metrics": {},
    "error": "Length of values (388798) does not match length of index (71742)"
  },
  "selected": "xgboost"
}