{
  "xgboost": {
    "trained": true,
    "direction_accuracy": 0.5407222643964863,
    "auc": 0.5310290376778353,
    "sharpe_simulated": 0.6839421676845641,
    "profit_factor": 1.080744286910371,
    "metrics": {
      "accuracy": 0.5407222643964863,
      "auc": 0.5310290376778353,
      "precision": 0.5449569976544175,
      "recall": 0.16022988505747127,
      "f1": 0.24764611831586428,
      "sharpe_simulated": 0.6839421676845641,
      "threshold": 0.5664824120603015,
      "n_trades_per_week": 2.91,
      "test_size": 18442.0,
      "feature_count": 29.0,
      "positive_rate_test": 0.47174926797527383,
      "top_features_classifier": {
        "taker_buy_ratio": 0.12362761795520782,
        "hour_of_day": 0.0911184772849083,
        "day_of_week": 0.08889883756637573,
        "funding_dispersion": 0.08875750005245209,
        "taker_imbalance_3": 0.07905744016170502,
        "price_return_72h": 0.056542959064245224,
        "price_return_24h": 0.05078335106372833,
        "price_return_8h": 0.04647963121533394,
        "consecutive_extreme_negative": 0.04297574609518051,
        "funding_zscore_30": 0.0417170450091362
      },
      "top_features_regressor": {
        "taker_buy_ratio": 0.5882819294929504,
        "price_return_72h": 0.41171807050704956,
        "funding_zscore_30": 0.0,
        "funding_percentile_30": 0.0,
        "consecutive_extreme_positive": 0.0,
        "consecutive_extreme_negative": 0.0,
        "funding_rate_abs": 0.0,
        "rate_lag_1": 0.0,
        "rate_lag_2": 0.0,
        "rate_lag_3": 0.0
      }
    },
    "error": null
  },
  "tft": {
    "trained": false,
    "direction_accuracy": 0.0,
    "auc": 0.0,
    "sharpe_simulated": -999.0,
    "profit_factor": 0.0,
    "metrics": {},
    "error": "torch / pytorch_lightning / pytorch_forecasting not installed \u2014 skipping TFT training."
  },
  "fallback": {
    "trained": false,
    "direction_accuracy": 0.0,
    "auc": 0.0,
    "sharpe_simulated": -999.0,
    "profit_factor": 0.0,
    "metrics": {},
    "error": "Length of values (6265880) does not match length of index (296828)"
  },
  "selected": "xgboost"
}