{
  "feature_cols": [
    "rate_lag_1",
    "rate_lag_2",
    "rate_lag_3",
    "rate_change_8h",
    "rate_change_24h",
    "rate_mean_3",
    "rate_std_3",
    "rate_mean_9",
    "rate_positive_streak",
    "price_return_8h",
    "price_return_24h",
    "price_volatility_24h",
    "is_weekend",
    "btc_funding_rate",
    "btc_rate_change",
    "btc_rate_mean_3",
    "rate_vs_btc",
    "rate_zscore_9",
    "rate_percentile_30",
    "kline_volume",
    "kline_quote_volume",
    "kline_return_8h",
    "kline_volatility_8h",
    "kline_taker_buy_ratio",
    "volume_change_8h",
    "volume_mean_3"
  ],
  "metrics": {
    "direction_accuracy": 0.8969187675070028,
    "direction_auc": 0.9579981144601719,
    "direction_f1": 0.9300557526609224,
    "magnitude_mae": 0.00021191250954698184,
    "test_size": 10710,
    "positive_rate": 0.7253968253968254,
    "feature_count": 26,
    "engine": "xgboost",
    "top_features_classifier": {
      "rate_positive_streak": 0.4926322400569916,
      "rate_mean_3": 0.20443511009216309,
      "rate_lag_1": 0.06662758439779282,
      "rate_lag_2": 0.027448244392871857,
      "rate_lag_3": 0.022570740431547165,
      "rate_mean_9": 0.022374408319592476,
      "rate_change_8h": 0.0159128587692976,
      "rate_change_24h": 0.011277789250016212,
      "rate_std_3": 0.010394828394055367,
      "rate_percentile_30": 0.009931929409503937
    },
    "top_features_regressor": {
      "rate_mean_3": 0.3858702778816223,
      "rate_lag_1": 0.05133643373847008,
      "rate_mean_9": 0.050358209758996964,
      "is_weekend": 0.04369692504405975,
      "rate_zscore_9": 0.03757959231734276,
      "price_return_24h": 0.036711130291223526,
      "volume_mean_3": 0.029689623042941093,
      "rate_change_8h": 0.02610904723405838,
      "kline_return_8h": 0.025404026731848717,
      "kline_volume": 0.02460864558815956
    }
  },
  "name": "funding_predictor"
}