{
  "feature_cols": [
    "rate_lag_1",
    "rate_lag_2",
    "rate_lag_3",
    "rate_change_8h",
    "rate_change_24h",
    "rate_mean_3",
    "rate_std_3",
    "rate_mean_9",
    "rate_positive_streak",
    "price_return_8h",
    "price_return_24h",
    "price_volatility_24h",
    "is_weekend",
    "btc_funding_rate",
    "btc_rate_change",
    "btc_rate_mean_3",
    "rate_vs_btc",
    "rate_zscore_9",
    "rate_percentile_30",
    "kline_volume",
    "kline_quote_volume",
    "kline_return_8h",
    "kline_volatility_8h",
    "kline_taker_buy_ratio",
    "volume_change_8h",
    "volume_mean_3"
  ],
  "metrics": {
    "direction_accuracy": 0.8909347016802496,
    "direction_auc": 0.953661348007063,
    "direction_f1": 0.9270230241012521,
    "magnitude_mae": 0.00023234592017086188,
    "test_size": 9939,
    "positive_rate": 0.7318643726733072,
    "feature_count": 26,
    "engine": "xgboost",
    "top_features_classifier": {
      "rate_positive_streak": 0.4833328127861023,
      "rate_mean_3": 0.2167559713125229,
      "rate_lag_1": 0.06556811183691025,
      "rate_mean_9": 0.024224411696195602,
      "rate_lag_2": 0.023921716958284378,
      "rate_lag_3": 0.023374823853373528,
      "rate_change_8h": 0.016982151195406914,
      "rate_change_24h": 0.011775745078921318,
      "btc_rate_mean_3": 0.010319756343960762,
      "rate_std_3": 0.01022376585751772
    },
    "top_features_regressor": {
      "rate_mean_3": 0.3920489549636841,
      "rate_mean_9": 0.05163254961371422,
      "is_weekend": 0.04687538370490074,
      "rate_lag_1": 0.04427536204457283,
      "rate_zscore_9": 0.037096939980983734,
      "price_return_24h": 0.031852636486291885,
      "rate_change_8h": 0.031188929453492165,
      "price_return_8h": 0.027086231857538223,
      "kline_taker_buy_ratio": 0.026674065738916397,
      "kline_return_8h": 0.02490733191370964
    }
  },
  "name": "funding_predictor"
}