{
  "feature_cols": [
    "rate_lag_1",
    "rate_lag_2",
    "rate_lag_3",
    "rate_change_8h",
    "rate_change_24h",
    "rate_mean_3",
    "rate_std_3",
    "rate_mean_9",
    "rate_positive_streak",
    "price_return_8h",
    "price_return_24h",
    "price_volatility_24h",
    "kline_volume",
    "kline_quote_volume",
    "kline_return_8h",
    "kline_volatility_8h",
    "kline_taker_buy_ratio",
    "volume_change_8h",
    "volume_mean_3",
    "is_weekend",
    "btc_funding_rate",
    "btc_rate_change",
    "btc_rate_mean_3",
    "rate_vs_btc",
    "rate_zscore_9",
    "rate_percentile_30"
  ],
  "metrics": {
    "direction_accuracy": 0.8997703261368856,
    "direction_auc": 0.9592737359727651,
    "direction_f1": 0.9323410852713179,
    "magnitude_mae": 0.0002126024724083636,
    "test_size": 10885,
    "positive_rate": 0.7286173633440515,
    "feature_count": 26,
    "engine": "xgboost",
    "top_features_classifier": {
      "rate_positive_streak": 0.49412864446640015,
      "rate_mean_3": 0.21140015125274658,
      "rate_lag_1": 0.06252440810203552,
      "rate_lag_2": 0.02827322669327259,
      "rate_mean_9": 0.022598162293434143,
      "rate_lag_3": 0.021693747490644455,
      "rate_change_8h": 0.015250404365360737,
      "rate_change_24h": 0.010887586511671543,
      "btc_rate_mean_3": 0.009923958219587803,
      "rate_percentile_30": 0.009699528105556965
    },
    "top_features_regressor": {
      "rate_mean_3": 0.38938605785369873,
      "rate_mean_9": 0.05876382440328598,
      "rate_lag_1": 0.04953436553478241,
      "is_weekend": 0.04065646603703499,
      "rate_zscore_9": 0.03638305142521858,
      "price_return_24h": 0.030706673860549927,
      "kline_volume": 0.028118999674916267,
      "rate_change_8h": 0.027986522763967514,
      "price_volatility_24h": 0.024929484352469444,
      "price_return_8h": 0.023310212418437004
    }
  },
  "name": "funding_predictor"
}