{
  "feature_cols": [
    "rate_lag_1",
    "rate_lag_2",
    "rate_lag_3",
    "rate_change_8h",
    "rate_change_24h",
    "rate_mean_3",
    "rate_std_3",
    "rate_mean_9",
    "rate_positive_streak",
    "price_return_8h",
    "price_return_24h",
    "price_volatility_24h",
    "is_weekend",
    "btc_funding_rate",
    "btc_rate_change",
    "btc_rate_mean_3",
    "rate_vs_btc",
    "rate_zscore_9",
    "rate_percentile_30",
    "kline_volume",
    "kline_quote_volume",
    "kline_return_8h",
    "kline_volatility_8h",
    "kline_taker_buy_ratio",
    "volume_change_8h",
    "volume_mean_3"
  ],
  "metrics": {
    "direction_accuracy": 0.9028008197521226,
    "direction_auc": 0.9606027485501114,
    "direction_f1": 0.9361620305089091,
    "magnitude_mae": 0.00022268430637313572,
    "test_size": 10247,
    "positive_rate": 0.7495852444617936,
    "feature_count": 26,
    "engine": "xgboost",
    "top_features_classifier": {
      "rate_positive_streak": 0.49540847539901733,
      "rate_mean_3": 0.21511684358119965,
      "rate_lag_1": 0.06230773776769638,
      "rate_mean_9": 0.02320687100291252,
      "rate_lag_2": 0.023033902049064636,
      "rate_lag_3": 0.0217120423913002,
      "rate_change_8h": 0.01666649430990219,
      "rate_change_24h": 0.011856207624077797,
      "btc_rate_mean_3": 0.010081343352794647,
      "rate_percentile_30": 0.009875593706965446
    },
    "top_features_regressor": {
      "rate_mean_3": 0.40565839409828186,
      "rate_mean_9": 0.049151480197906494,
      "rate_lag_1": 0.04572787135839462,
      "is_weekend": 0.039962299168109894,
      "rate_zscore_9": 0.03929337114095688,
      "rate_change_8h": 0.03569106012582779,
      "price_return_24h": 0.029775863513350487,
      "price_return_8h": 0.025915304198861122,
      "kline_taker_buy_ratio": 0.023333756253123283,
      "rate_change_24h": 0.02255268208682537
    }
  },
  "name": "funding_predictor"
}