{
  "feature_cols": [
    "rate_lag_1",
    "rate_lag_2",
    "rate_lag_3",
    "rate_change_8h",
    "rate_change_24h",
    "rate_mean_3",
    "rate_std_3",
    "rate_mean_9",
    "rate_positive_streak",
    "price_return_8h",
    "price_return_24h",
    "price_volatility_24h",
    "kline_volume",
    "kline_quote_volume",
    "kline_return_8h",
    "kline_volatility_8h",
    "kline_taker_buy_ratio",
    "volume_change_8h",
    "volume_mean_3",
    "is_weekend",
    "btc_funding_rate",
    "btc_rate_change",
    "btc_rate_mean_3",
    "rate_vs_btc",
    "rate_zscore_9",
    "rate_percentile_30"
  ],
  "metrics": {
    "direction_accuracy": 0.891851106639839,
    "direction_auc": 0.9542127764550432,
    "direction_f1": 0.927653274109967,
    "magnitude_mae": 0.00023038153990247444,
    "test_size": 9940,
    "positive_rate": 0.7317907444668008,
    "feature_count": 26,
    "engine": "xgboost",
    "top_features_classifier": {
      "rate_positive_streak": 0.5035043358802795,
      "rate_mean_3": 0.2146570235490799,
      "rate_lag_1": 0.062376610934734344,
      "rate_lag_2": 0.02541167289018631,
      "rate_mean_9": 0.021900245919823647,
      "rate_lag_3": 0.018885474652051926,
      "rate_change_8h": 0.015777327120304108,
      "rate_change_24h": 0.01085019949823618,
      "rate_std_3": 0.00995700340718031,
      "btc_rate_mean_3": 0.009792021475732327
    },
    "top_features_regressor": {
      "rate_mean_3": 0.3932480812072754,
      "rate_mean_9": 0.060373686254024506,
      "is_weekend": 0.04222534969449043,
      "rate_lag_1": 0.041139110922813416,
      "rate_zscore_9": 0.03770330175757408,
      "rate_change_8h": 0.03277188539505005,
      "price_return_24h": 0.03179206699132919,
      "kline_volume": 0.02672874927520752,
      "price_return_8h": 0.026106083765625954,
      "kline_taker_buy_ratio": 0.023786328732967377
    }
  },
  "name": "funding_predictor"
}