{
  "feature_cols": [
    "rate_lag_1",
    "rate_lag_2",
    "rate_lag_3",
    "rate_change_8h",
    "rate_change_24h",
    "rate_mean_3",
    "rate_std_3",
    "rate_mean_9",
    "rate_positive_streak",
    "price_return_8h",
    "price_return_24h",
    "price_volatility_24h",
    "kline_volume",
    "kline_quote_volume",
    "kline_return_8h",
    "kline_volatility_8h",
    "kline_taker_buy_ratio",
    "volume_change_8h",
    "volume_mean_3",
    "is_weekend",
    "btc_funding_rate",
    "btc_rate_change",
    "btc_rate_mean_3",
    "rate_vs_btc",
    "rate_zscore_9",
    "rate_percentile_30"
  ],
  "metrics": {
    "direction_accuracy": 0.901602244953381,
    "direction_auc": 0.9615472942298261,
    "direction_f1": 0.9342367959344183,
    "magnitude_mae": 0.00021256695693165417,
    "test_size": 11047,
    "positive_rate": 0.7360369331040102,
    "feature_count": 26,
    "engine": "xgboost",
    "top_features_classifier": {
      "rate_positive_streak": 0.4881133437156677,
      "rate_mean_3": 0.21967969834804535,
      "rate_lag_1": 0.06364137679338455,
      "rate_lag_2": 0.026791458949446678,
      "rate_mean_9": 0.022808296605944633,
      "rate_lag_3": 0.021603476256132126,
      "rate_change_8h": 0.015319808386266232,
      "rate_change_24h": 0.011064110323786736,
      "btc_rate_mean_3": 0.010113493539392948,
      "rate_percentile_30": 0.00906435027718544
    },
    "top_features_regressor": {
      "rate_mean_3": 0.3880102336406708,
      "is_weekend": 0.05153770372271538,
      "rate_mean_9": 0.05039067566394806,
      "rate_lag_1": 0.0479501374065876,
      "rate_zscore_9": 0.03508099541068077,
      "price_return_24h": 0.030313506722450256,
      "price_volatility_24h": 0.030311783775687218,
      "volume_mean_3": 0.028213903307914734,
      "kline_taker_buy_ratio": 0.027953315526247025,
      "rate_change_8h": 0.02689150720834732
    }
  },
  "name": "funding_predictor"
}