{
  "feature_cols": [
    "rate_lag_1",
    "rate_lag_2",
    "rate_lag_3",
    "rate_change_8h",
    "rate_change_24h",
    "rate_mean_3",
    "rate_std_3",
    "rate_mean_9",
    "rate_positive_streak",
    "price_return_8h",
    "price_return_24h",
    "price_volatility_24h",
    "is_weekend",
    "btc_funding_rate",
    "btc_rate_change",
    "btc_rate_mean_3",
    "rate_vs_btc",
    "rate_zscore_9",
    "rate_percentile_30",
    "kline_volume",
    "kline_quote_volume",
    "kline_return_8h",
    "kline_volatility_8h",
    "kline_taker_buy_ratio",
    "volume_change_8h",
    "volume_mean_3"
  ],
  "metrics": {
    "direction_accuracy": 0.8985720865960387,
    "direction_auc": 0.9594438057267568,
    "direction_f1": 0.9316021618935205,
    "magnitude_mae": 0.0002121737879046226,
    "test_size": 10855,
    "positive_rate": 0.7293413173652694,
    "feature_count": 26,
    "engine": "xgboost",
    "top_features_classifier": {
      "rate_positive_streak": 0.5045947432518005,
      "rate_mean_3": 0.2086532711982727,
      "rate_lag_1": 0.05965946987271309,
      "rate_lag_2": 0.027129385620355606,
      "rate_mean_9": 0.023461967706680298,
      "rate_lag_3": 0.020348651334643364,
      "rate_change_8h": 0.01544578280299902,
      "rate_change_24h": 0.010783080011606216,
      "btc_rate_mean_3": 0.009655604138970375,
      "rate_percentile_30": 0.009309998713433743
    },
    "top_features_regressor": {
      "rate_mean_3": 0.38386470079421997,
      "rate_lag_1": 0.05425843968987465,
      "rate_mean_9": 0.04876703768968582,
      "is_weekend": 0.041340481489896774,
      "rate_zscore_9": 0.03360852599143982,
      "kline_taker_buy_ratio": 0.032038554549217224,
      "price_return_24h": 0.030512984842061996,
      "rate_change_8h": 0.028465669602155685,
      "kline_volume": 0.028380071744322777,
      "volume_mean_3": 0.027359051629900932
    }
  },
  "name": "funding_predictor"
}